318;[1, 1, 1, 1]
2571;[1, 1, 1, 1]
79132;[1, 1, 1, 1]
58559;[1, 1, 1, 1]
2959;[1, 1, 1, 1]
356;[1, 1, 1, 1]
7153;[1, 1, 1, 1]
296;[1, 1, 1, 1]
109487;[1, 1, 1, 1]
4993;[1, 1, 1, 1]
260;[1, 1, 1, 1]
5952;[1, 1, 1, 1]
593;[1, 1, 1, 1]
134130;[1, 1, 1, 1]
122904;[1, 1, 1, 1]
1198;[1, 1, 1, 1]
1196;[1, 1, 1, 1]
164179;[1, 1, 1, 1]
112852;[1, 1, 1, 1]
68954;[1, 1, 1, 1]
1210;[1, 1, 1, 1]
858;[1, 1, 1, 1]
527;[1, 1, 1, 1]
72998;[0, 1, 1, 1]
4226;[1, 1, 1, 0]
60069;[1, 1, 0, 1]
6539;[1, 0, 1, 1]
4306;[0, 1, 1, 1]
6377;[1, 1, 1, 0]
7361;[1, 1, 0, 1]
116797;[1, 0, 1, 1]
6874;[0, 1, 1, 1]
1704;[1, 1, 1, 0]
99114;[1, 1, 0, 1]
59315;[1, 0, 1, 1]
91529;[0, 1, 1, 1]
2028;[1, 1, 1, 0]
50;[1, 1, 0, 1]
2858;[1, 0, 1, 1]
3578;[0, 1, 1, 1]
47;[1, 1, 1, 0]
74458;[1, 1, 0, 1]
33794;[1, 0, 1, 1]
115713;[0, 1, 1, 1]
1270;[1, 1, 1, 0]
4886;[1, 1, 0, 1]
106782;[1, 0, 1, 1]
8961;[0, 1, 1, 1]
2762;[1, 1, 1, 0]
122882;[1, 1, 0, 1]
134853;[1, 0, 1, 1]
89745;[0, 1, 1, 1]
68157;[1, 1, 1, 0]
122922;[1, 1, 0, 1]
1;[1, 0, 1, 1]
4973;[0, 1, 1, 1]
112552;[1, 1, 1, 0]
111759;[1, 1, 0, 1]
122886;[1, 0, 1, 1]
4995;[0, 1, 1, 1]
48516;[1, 1, 1, 0]
1682;[0, 1, 1, 0]
5618;[0, 0, 1, 1]
48780;[1, 0, 0, 1]
7438;[1, 0, 1, 0]
5989;[0, 1, 0, 1]
166528;[1, 1, 0, 0]
4963;[0, 1, 1, 0]
168252;[0, 0, 1, 1]
109374;[1, 0, 0, 1]
1291;[1, 0, 1, 0]
44191;[0, 1, 0, 1]
3147;[1, 1, 0, 0]
5418;[0, 1, 1, 0]
4896;[0, 0, 1, 1]
48394;[1, 0, 0, 1]
4878;[1, 0, 1, 0]
5349;[0, 1, 0, 1]
1221;[1, 1, 0, 0]
1197;[0, 1, 1, 0]
152081;[0, 0, 1, 1]
112556;[1, 0, 0, 1]
589;[1, 0, 1, 0]
541;[0, 1, 0, 1]
1193;[1, 1, 0, 0]
3793;[0, 1, 1, 0]
110;[0, 0, 1, 1]
119145;[1, 0, 0, 1]
1214;[1, 0, 1, 0]
50872;[0, 1, 0, 1]
69844;[1, 1, 0, 0]
63082;[0, 1, 1, 0]
608;[0, 0, 1, 1]
40815;[1, 0, 0, 1]
480;[1, 0, 1, 0]
81834;[0, 1, 0, 1]
5445;[1, 1, 0, 0]
8644;[0, 1, 1, 0]
91500;[0, 0, 1, 1]
1258;[1, 0, 0, 1]
104841;[1, 0, 1, 0]
1036;[0, 1, 0, 1]
70286;[1, 1, 0, 0]
92259;[0, 1, 1, 0]
1580;[0, 0, 1, 1]
5816;[1, 0, 0, 1]
115617;[1, 0, 1, 0]
88125;[0, 1, 0, 1]
1265;[1, 1, 0, 0]
1213;[0, 1, 1, 0]
4011;[0, 0, 1, 1]
106920;[1, 0, 0, 1]
56367;[1, 0, 1, 0]
54001;[0, 1, 0, 1]
3949;[1, 1, 0, 0]
55820;[0, 1, 1, 0]
2329;[0, 0, 1, 1]
1089;[1, 0, 0, 1]
54286;[1, 0, 1, 0]
1527;[0, 1, 0, 1]
1721;[1, 1, 0, 0]
80463;[0, 1, 1, 0]
46578;[0, 0, 1, 1]
1136;[1, 0, 0, 1]
8368;[1, 0, 1, 0]
364;[0, 1, 0, 1]
81591;[1, 1, 0, 0]
1240;[0, 1, 1, 0]
1732;[0, 0, 1, 1]
54503;[1, 0, 0, 1]
76093;[1, 0, 1, 0]
51662;[0, 1, 0, 1]
4022;[1, 1, 0, 0]
69122;[0, 1, 1, 0]
73017;[0, 0, 1, 1]
780;[1, 0, 0, 1]
32587;[1, 0, 1, 0]
128360;[0, 1, 0, 1]
68358;[1, 1, 0, 0]
78499;[0, 1, 1, 0]
3996;[0, 0, 1, 1]
6711;[1, 0, 0, 1]
81845;[1, 0, 1, 0]
122900;[0, 1, 0, 1]
111362;[1, 1, 0, 0]
122892;[0, 1, 1, 0]
122920;[0, 0, 1, 1]
293;[1, 0, 0, 1]
1200;[1, 0, 1, 0]
8874;[0, 1, 0, 1]
2716;[0, 1, 0, 0]
6365;[1, 0, 0, 0]
778;[0, 0, 0, 1]
49272;[0, 0, 1, 0]
32;[0, 1, 0, 0]
110102;[1, 0, 0, 0]
60684;[0, 0, 0, 1]
1206;[0, 0, 1, 0]
588;[0, 1, 0, 0]
924;[1, 0, 0, 0]
2918;[0, 0, 0, 1]
3114;[0, 0, 1, 0]
106487;[0, 1, 0, 0]
5218;[1, 0, 0, 0]
6373;[0, 0, 0, 1]
87232;[0, 0, 1, 0]
84152;[0, 1, 0, 0]
115569;[1, 0, 0, 0]
111;[0, 0, 0, 1]
69757;[0, 0, 1, 0]
8665;[0, 1, 0, 0]
56174;[1, 0, 0, 0]
79702;[0, 0, 0, 1]
1097;[0, 0, 1, 0]
33493;[0, 1, 0, 0]
2324;[1, 0, 0, 0]
1246;[0, 0, 0, 1]
96610;[0, 0, 1, 0]
77561;[0, 1, 0, 0]
5378;[1, 0, 0, 0]
8636;[0, 0, 0, 1]
59784;[0, 0, 1, 0]
27773;[0, 1, 0, 0]
6934;[1, 0, 0, 0]
102903;[0, 0, 0, 1]
2997;[0, 0, 1, 0]
148626;[0, 1, 0, 0]
71535;[1, 0, 0, 0]
2011;[0, 0, 0, 1]
47099;[0, 0, 1, 0]
4027;[0, 1, 0, 0]
3948;[1, 0, 0, 0]
98809;[0, 0, 0, 1]
96079;[0, 0, 1, 0]
139385;[0, 1, 0, 0]
64614;[1, 0, 0, 0]
7147;[0, 0, 0, 1]
48774;[0, 0, 1, 0]
7254;[0, 1, 0, 0]
2115;[1, 0, 0, 0]
8360;[0, 0, 0, 1]
86332;[0, 0, 1, 0]
6016;[0, 1, 0, 0]
5995;[1, 0, 0, 0]
68237;[0, 0, 0, 1]
6863;[0, 0, 1, 0]
102125;[0, 1, 0, 0]
56782;[1, 0, 0, 0]
2291;[0, 0, 0, 1]
97921;[0, 0, 1, 0]
2628;[0, 1, 0, 0]
45722;[1, 0, 0, 0]
7143;[0, 0, 0, 1]
1222;[0, 0, 1, 0]
48385;[0, 1, 0, 0]
51255;[1, 0, 0, 0]
116823;[0, 0, 0, 1]
1625;[0, 0, 1, 0]
1968;[0, 1, 0, 0]
64957;[1, 0, 0, 0]
35836;[0, 0, 0, 1]
1961;[0, 0, 1, 0]
750;[0, 1, 0, 0]
33679;[1, 0, 0, 0]
49530;[0, 0, 0, 1]
94864;[0, 0, 1, 0]
76251;[0, 1, 0, 0]
1219;[1, 0, 0, 0]
118696;[0, 0, 0, 1]
45720;[0, 0, 1, 0]
1208;[0, 1, 0, 0]
79091;[1, 0, 0, 0]
6502;[0, 0, 0, 1]
88140;[0, 0, 1, 0]
6333;[0, 1, 0, 0]
106696;[1, 0, 0, 0]
97938;[0, 0, 0, 1]
112183;[0, 0, 1, 0]
88129;[0, 1, 0, 0]
6942;[1, 0, 0, 0]
91658;[0, 0, 0, 1]
93510;[0, 0, 1, 0]
85414;[0, 1, 0, 0]
115149;[1, 0, 0, 0]
31658;[0, 0, 0, 1]
106489;[0, 0, 1, 0]
5459;[0, 1, 0, 0]
117529;[1, 0, 0, 0]
2542;[0, 0, 0, 1]
57669;[0, 0, 1, 0]
912;[0, 1, 0, 0]
30707;[1, 0, 0, 0]
60074;[0, 0, 0, 1]
7458;[0, 0, 1, 0]
30793;[0, 1, 0, 0]
81847;[1, 0, 0, 0]
7451;[0, 0, 0, 1]
4262;[0, 0, 1, 0]
53125;[0, 1, 0, 0]
91542;[1, 0, 0, 0]
41566;[0, 0, 0, 1]
4979;[0, 0, 1, 0]
106100;[0, 1, 0, 0]
47610;[1, 0, 0, 0]
34162;[0, 0, 0, 1]
95167;[0, 0, 1, 0]
102445;[0, 1, 0, 0]
2502;[1, 0, 0, 0]
2916;[0, 0, 0, 1]
1653;[0, 0, 1, 0]
1387;[0, 1, 0, 0]
3994;[1, 0, 0, 0]
595;[0, 0, 0, 1]
648;[0, 0, 1, 0]
108932;[0, 1, 0, 0]
457;[1, 0, 0, 0]
150;[0, 0, 0, 1]
88744;[0, 0, 1, 0]
59615;[0, 1, 0, 0]
3623;[1, 0, 0, 0]
59369;[0, 0, 0, 1]
93840;[0, 0, 1, 0]
51540;[0, 1, 0, 0]
2617;[1, 0, 0, 0]
94959;[0, 0, 0, 1]
45447;[0, 0, 1, 0]
2791;[0, 1, 0, 0]
1617;[1, 0, 0, 0]
2706;[0, 0, 0, 1]
97913;[0, 0, 1, 0]
80549;[0, 1, 0, 0]
2683;[1, 0, 0, 0]
96821;[0, 0, 0, 1]
8361;[0, 0, 1, 0]
55247;[0, 1, 0, 0]
8529;[1, 0, 0, 0]
1259;[0, 0, 0, 1]
86882;[0, 0, 1, 0]
3897;[0, 1, 0, 0]
2012;[1, 0, 0, 0]
586;[0, 0, 0, 1]
97304;[0, 0, 1, 0]
89492;[0, 1, 0, 0]
1584;[1, 0, 0, 0]
1080;[0, 0, 0, 1]
3535;[0, 0, 1, 0]
3977;[0, 1, 0, 0]
1517;[1, 0, 0, 0]
1917;[0, 0, 0, 1]
2;[0, 0, 1, 0]
597;[0, 1, 0, 0]
4308;[1, 0, 0, 0]
4848;[0, 0, 0, 1]
8957;[0, 0, 1, 0]
4246;[0, 1, 0, 0]
69481;[1, 0, 0, 0]
91630;[0, 0, 0, 1]
3527;[0, 0, 1, 0]
103249;[0, 1, 0, 0]
1676;[1, 0, 0, 0]
142488;[0, 0, 0, 1]
68319;[0, 0, 1, 0]
3408;[0, 1, 0, 0]
3751;[1, 0, 0, 0]
904;[0, 0, 0, 1]
1203;[0, 0, 1, 0]
7293;[0, 1, 0, 0]
733;[1, 0, 0, 0]
2355;[0, 0, 0, 1]
1784;[0, 0, 1, 0]
34048;[0, 1, 0, 0]
4720;[1, 0, 0, 0]
4447;[0, 0, 0, 1]
5502;[0, 0, 1, 0]
8641;[0, 1, 0, 0]
54272;[1, 0, 0, 0]
2692;[0, 0, 0, 1]
105844;[0, 0, 1, 0]
367;[0, 1, 0, 0]
8376;[1, 0, 0, 0]
2987;[0, 0, 0, 1]
1307;[0, 0, 1, 0]
2174;[0, 1, 0, 0]
72641;[1, 0, 0, 0]
104;[0, 0, 0, 1]
919;[0, 0, 1, 0]
1923;[0, 1, 0, 0]
2712;[1, 0, 0, 0]
8984;[0, 0, 0, 1]
5481;[0, 0, 1, 0]
61132;[0, 1, 0, 0]
377;[1, 0, 0, 0]
5010;[0, 0, 0, 1]
2797;[0, 0, 1, 0]
4370;[0, 1, 0, 0]
3481;[1, 0, 0, 0]
8798;[0, 0, 0, 1]
61323;[0, 0, 1, 0]
1201;[0, 1, 0, 0]
500;[1, 0, 0, 0]
1954;[0, 0, 0, 1]
8533;[0, 0, 1, 0]
34405;[0, 1, 0, 0]
95510;[1, 0, 0, 0]
45499;[0, 0, 0, 1]
231;[0, 0, 1, 0]
1997;[0, 1, 0, 0]
1393;[1, 0, 0, 0]
1485;[0, 0, 0, 1]
1247;[0, 0, 1, 0]
3000;[0, 1, 0, 0]
5971;[1, 0, 0, 0]
1199;[0, 0, 0, 1]
223;[0, 0, 1, 0]
63992;[0, 1, 0, 0]
1220;[1, 0, 0, 0]
1225;[0, 0, 0, 1]
101864;[0, 0, 1, 0]
95441;[0, 1, 0, 0]
82459;[1, 0, 0, 0]
6537;[0, 0, 0, 1]
74789;[0, 0, 1, 0]
53996;[0, 1, 0, 0]
66097;[1, 0, 0, 0]
7373;[0, 0, 0, 1]
8972;[0, 0, 1, 0]
5956;[0, 1, 0, 0]
8784;[1, 0, 0, 0]
52973;[0, 0, 0, 1]
46976;[0, 0, 1, 0]
4018;[0, 1, 0, 0]
551;[1, 0, 0, 0]
5679;[0, 0, 0, 1]
4975;[0, 0, 1, 0]
37729;[0, 1, 0, 0]
1645;[1, 0, 0, 0]
380;[0, 0, 0, 1]
63113;[0, 0, 1, 0]
4034;[0, 1, 0, 0]
39;[0, 0, 0, 0]
6378;[0, 0, 0, 0]
72226;[0, 0, 0, 0]
88810;[0, 0, 0, 0]
6;[0, 0, 0, 0]
94777;[0, 0, 0, 0]
4025;[0, 0, 0, 0]
2396;[0, 0, 0, 0]
1573;[0, 0, 0, 0]
19;[0, 0, 0, 0]
1907;[0, 0, 0, 0]
31696;[0, 0, 0, 0]
2572;[0, 0, 0, 0]
4270;[0, 0, 0, 0]
5902;[0, 0, 0, 0]
45517;[0, 0, 0, 0]
8464;[0, 0, 0, 0]
97752;[0, 0, 0, 0]
3052;[0, 0, 0, 0]
31685;[0, 0, 0, 0]
52722;[0, 0, 0, 0]
788;[0, 0, 0, 0]
2710;[0, 0, 0, 0]
86880;[0, 0, 0, 0]
33166;[0, 0, 0, 0]
30749;[0, 0, 0, 0]
36529;[0, 0, 0, 0]
6870;[0, 0, 0, 0]
54259;[0, 0, 0, 0]
5903;[0, 0, 0, 0]
2288;[0, 0, 0, 0]
45186;[0, 0, 0, 0]
4776;[0, 0, 0, 0]
2273;[0, 0, 0, 0]
5991;[0, 0, 0, 0]
4816;[0, 0, 0, 0]
46972;[0, 0, 0, 0]
33004;[0, 0, 0, 0]
1028;[0, 0, 0, 0]
5669;[0, 0, 0, 0]
1610;[0, 0, 0, 0]
2985;[0, 0, 0, 0]
1035;[0, 0, 0, 0]
1544;[0, 0, 0, 0]
903;[0, 0, 0, 0]
45672;[0, 0, 0, 0]
2353;[0, 0, 0, 0]
1090;[0, 0, 0, 0]
6936;[0, 0, 0, 0]
1230;[0, 0, 0, 0]
3081;[0, 0, 0, 0]
2000;[0, 0, 0, 0]
923;[0, 0, 0, 0]
30812;[0, 0, 0, 0]
88163;[0, 0, 0, 0]
34;[0, 0, 0, 0]
81562;[0, 0, 0, 0]
153;[0, 0, 0, 0]
56757;[0, 0, 0, 0]
316;[0, 0, 0, 0]
8950;[0, 0, 0, 0]
908;[0, 0, 0, 0]
4014;[0, 0, 0, 0]
165;[0, 0, 0, 0]
2700;[0, 0, 0, 0]
344;[0, 0, 0, 0]
3160;[0, 0, 0, 0]
82461;[0, 0, 0, 0]
3785;[0, 0, 0, 0]
1884;[0, 0, 0, 0]
208;[0, 0, 0, 0]
44665;[0, 0, 0, 0]
2005;[0, 0, 0, 0]
3175;[0, 0, 0, 0]
53322;[0, 0, 0, 0]
4016;[0, 0, 0, 0]
61024;[0, 0, 0, 0]
8528;[0, 0, 0, 0]
81564;[0, 0, 0, 0]
1394;[0, 0, 0, 0]
2081;[0, 0, 0, 0]
4299;[0, 0, 0, 0]
592;[0, 0, 0, 0]
3753;[0, 0, 0, 0]
1278;[0, 0, 0, 0]
90405;[0, 0, 0, 0]
1207;[0, 0, 0, 0]
736;[0, 0, 0, 0]
2194;[0, 0, 0, 0]
44199;[0, 0, 0, 0]
34150;[0, 0, 0, 0]
1252;[0, 0, 0, 0]
1127;[0, 0, 0, 0]
1407;[0, 0, 0, 0]
1391;[0, 0, 0, 0]
1073;[0, 0, 0, 0]
1101;[0, 0, 0, 0]
253;[0, 0, 0, 0]
44195;[0, 0, 0, 0]
5299;[0, 0, 0, 0]
4310;[0, 0, 0, 0]
33615;[0, 0, 0, 0]
64969;[0, 0, 0, 0]
60072;[0, 0, 0, 0]
3253;[0, 0, 0, 0]
5377;[0, 0, 0, 0]
1234;[0, 0, 0, 0]
72011;[0, 0, 0, 0]
1777;[0, 0, 0, 0]
2529;[0, 0, 0, 0]
4638;[0, 0, 0, 0]
1673;[0, 0, 0, 0]
3717;[0, 0, 0, 0]
1356;[0, 0, 0, 0]
2424;[0, 0, 0, 0]
3752;[0, 0, 0, 0]
44555;[0, 0, 0, 0]
2395;[0, 0, 0, 0]
58998;[0, 0, 0, 0]
3471;[0, 0, 0, 0]
2003;[0, 0, 0, 0]
64839;[0, 0, 0, 0]
6754;[0, 0, 0, 0]
3033;[0, 0, 0, 0]
40819;[0, 0, 0, 0]
1288;[0, 0, 0, 0]
1088;[0, 0, 0, 0]
2761;[0, 0, 0, 0]
73321;[0, 0, 0, 0]
1370;[0, 0, 0, 0]
2947;[0, 0, 0, 0]
6534;[0, 0, 0, 0]
1380;[0, 0, 0, 0]
34319;[0, 0, 0, 0]
4718;[0, 0, 0, 0]
2054;[0, 0, 0, 0]
2076;[0, 0, 0, 0]
5266;[0, 0, 0, 0]
594;[0, 0, 0, 0]
16;[0, 0, 0, 0]
57368;[0, 0, 0, 0]
2167;[0, 0, 0, 0]
4874;[0, 0, 0, 0]
41569;[0, 0, 0, 0]
3671;[0, 0, 0, 0]
1374;[0, 0, 0, 0]
1148;[0, 0, 0, 0]
2657;[0, 0, 0, 0]
70;[0, 0, 0, 0]
2671;[0, 0, 0, 0]
30825;[0, 0, 0, 0]
4367;[0, 0, 0, 0]
2105;[0, 0, 0, 0]
4643;[0, 0, 0, 0]
8783;[0, 0, 0, 0]
539;[0, 0, 0, 0]
5444;[0, 0, 0, 0]
3988;[0, 0, 0, 0]
2701;[0, 0, 0, 0]
4890;[0, 0, 0, 0]
6947;[0, 0, 0, 0]
1566;[0, 0, 0, 0]
53972;[0, 0, 0, 0]
1552;[0, 0, 0, 0]
6157;[0, 0, 0, 0]
2019;[0, 0, 0, 0]
4571;[0, 0, 0, 0]
81229;[0, 0, 0, 0]
4700;[0, 0, 0, 0]
2804;[0, 0, 0, 0]
288;[0, 0, 0, 0]
2294;[0, 0, 0, 0]
61240;[0, 0, 0, 0]
2268;[0, 0, 0, 0]
4369;[0, 0, 0, 0]
3300;[0, 0, 0, 0]
3489;[0, 0, 0, 0]
3252;[0, 0, 0, 0]
39183;[0, 0, 0, 0]
72378;[0, 0, 0, 0]
2640;[0, 0, 0, 0]
2455;[0, 0, 0, 0]
8949;[0, 0, 0, 0]
55765;[0, 0, 0, 0]
1215;[0, 0, 0, 0]
1690;[0, 0, 0, 0]
590;[0, 0, 0, 0]
3556;[0, 0, 0, 0]
3499;[0, 0, 0, 0]
6807;[0, 0, 0, 0]
4701;[0, 0, 0, 0]
357;[0, 0, 0, 0]
2006;[0, 0, 0, 0]
44022;[0, 0, 0, 0]
10;[0, 0, 0, 0]
1204;[0, 0, 0, 0]
1994;[0, 0, 0, 0]
1639;[0, 0, 0, 0]
2321;[0, 0, 0, 0]
5254;[0, 0, 0, 0]
5219;[0, 0, 0, 0]
52281;[0, 0, 0, 0]
6155;[0, 0, 0, 0]
53000;[0, 0, 0, 0]
2160;[0, 0, 0, 0]
4148;[0, 0, 0, 0]
30810;[0, 0, 0, 0]
46723;[0, 0, 0, 0]
2078;[0, 0, 0, 0]
1562;[0, 0, 0, 0]
1320;[0, 0, 0, 0]
7445;[0, 0, 0, 0]
3624;[0, 0, 0, 0]
1608;[0, 0, 0, 0]
3275;[0, 0, 0, 0]
67255;[0, 0, 0, 0]
2161;[0, 0, 0, 0]
1079;[0, 0, 0, 0]
7454;[0, 0, 0, 0]
1377;[0, 0, 0, 0]
4239;[0, 0, 0, 0]
8622;[0, 0, 0, 0]
5810;[0, 0, 0, 0]
1274;[0, 0, 0, 0]
54997;[0, 0, 0, 0]
4223;[0, 0, 0, 0]
5630;[0, 0, 0, 0]
3362;[0, 0, 0, 0]
1228;[0, 0, 0, 0]
910;[0, 0, 0, 0]
185;[0, 0, 0, 0]
49278;[0, 0, 0, 0]
1909;[0, 0, 0, 0]
1466;[0, 0, 0, 0]
1729;[0, 0, 0, 0]
3255;[0, 0, 0, 0]
40629;[0, 0, 0, 0]
1282;[0, 0, 0, 0]
920;[0, 0, 0, 0]
3911;[0, 0, 0, 0]
442;[0, 0, 0, 0]
4085;[0, 0, 0, 0]
2080;[0, 0, 0, 0]
673;[0, 0, 0, 0]
3039;[0, 0, 0, 0]
899;[0, 0, 0, 0]
2420;[0, 0, 0, 0]
7099;[0, 0, 0, 0]
48;[0, 0, 0, 0]
6541;[0, 0, 0, 0]
3703;[0, 0, 0, 0]
3702;[0, 0, 0, 0]
60040;[0, 0, 0, 0]
27706;[0, 0, 0, 0]
1345;[0, 0, 0, 0]
5673;[0, 0, 0, 0]
1722;[0, 0, 0, 0]
3409;[0, 0, 0, 0]
2096;[0, 0, 0, 0]
2001;[0, 0, 0, 0]
6188;[0, 0, 0, 0]
2953;[0, 0, 0, 0]
38061;[0, 0, 0, 0]
1982;[0, 0, 0, 0]
1263;[0, 0, 0, 0]
922;[0, 0, 0, 0]
1748;[0, 0, 0, 0]
5574;[0, 0, 0, 0]
1333;[0, 0, 0, 0]
2018;[0, 0, 0, 0]
3176;[0, 0, 0, 0]
6281;[0, 0, 0, 0]
8371;[0, 0, 0, 0]
1641;[0, 0, 0, 0]
784;[0, 0, 0, 0]
2302;[0, 0, 0, 0]
5388;[0, 0, 0, 0]
1266;[0, 0, 0, 0]
913;[0, 0, 0, 0]
741;[0, 0, 0, 0]
1233;[0, 0, 0, 0]
3916;[0, 0, 0, 0]
2694;[0, 0, 0, 0]
587;[0, 0, 0, 0]
329;[0, 0, 0, 0]
3969;[0, 0, 0, 0]
8917;[0, 0, 0, 0]
3863;[0, 0, 0, 0]
2687;[0, 0, 0, 0]
3967;[0, 0, 0, 0]
2717;[0, 0, 0, 0]
508;[0, 0, 0, 0]
1967;[0, 0, 0, 0]
3552;[0, 0, 0, 0]
2541;[0, 0, 0, 0]
5464;[0, 0, 0, 0]
8638;[0, 0, 0, 0]
1027;[0, 0, 0, 0]
6218;[0, 0, 0, 0]
1347;[0, 0, 0, 0]
1250;[0, 0, 0, 0]
215;[0, 0, 0, 0]
3418;[0, 0, 0, 0]
145;[0, 0, 0, 0]
1261;[0, 0, 0, 0]
1022;[0, 0, 0, 0]
8807;[0, 0, 0, 0]
1212;[0, 0, 0, 0]
1918;[0, 0, 0, 0]
2002;[0, 0, 0, 0]
4734;[0, 0, 0, 0]
2406;[0, 0, 0, 0]
3868;[0, 0, 0, 0]
1921;[0, 0, 0, 0]
158;[0, 0, 0, 0]
616;[0, 0, 0, 0]
1262;[0, 0, 0, 0]
3826;[0, 0, 0, 0]
55269;[0, 0, 0, 0]
4105;[0, 0, 0, 0]
3421;[0, 0, 0, 0]
2403;[0, 0, 0, 0]
1059;[0, 0, 0, 0]
48738;[0, 0, 0, 0]
1092;[0, 0, 0, 0]
3301;[0, 0, 0, 0]
1276;[0, 0, 0, 0]
3755;[0, 0, 0, 0]
368;[0, 0, 0, 0]
410;[0, 0, 0, 0]
3285;[0, 0, 0, 0]
902;[0, 0, 0, 0]
2124;[0, 0, 0, 0]
441;[0, 0, 0, 0]
2144;[0, 0, 0, 0]
1304;[0, 0, 0, 0]
38038;[0, 0, 0, 0]
5872;[0, 0, 0, 0]
1244;[0, 0, 0, 0]
3448;[0, 0, 0, 0]
914;[0, 0, 0, 0]
1183;[0, 0, 0, 0]
953;[0, 0, 0, 0]
3247;[0, 0, 0, 0]
2699;[0, 0, 0, 0]
555;[0, 0, 0, 0]
8970;[0, 0, 0, 0]
474;[0, 0, 0, 0]
2394;[0, 0, 0, 0]
337;[0, 0, 0, 0]
8810;[0, 0, 0, 0]
37733;[0, 0, 0, 0]
339;[0, 0, 0, 0]
141;[0, 0, 0, 0]
353;[0, 0, 0, 0]
1876;[0, 0, 0, 0]
596;[0, 0, 0, 0]
4344;[0, 0, 0, 0]
4855;[0, 0, 0, 0]
4641;[0, 0, 0, 0]
4128;[0, 0, 0, 0]
1339;[0, 0, 0, 0]
2641;[0, 0, 0, 0]
4343;[0, 0, 0, 0]
7323;[0, 0, 0, 0]
1275;[0, 0, 0, 0]
2335;[0, 0, 0, 0]
4489;[0, 0, 0, 0]
33660;[0, 0, 0, 0]
6953;[0, 0, 0, 0]
1129;[0, 0, 0, 0]
5060;[0, 0, 0, 0]
2085;[0, 0, 0, 0]
2763;[0, 0, 0, 0]
1302;[0, 0, 0, 0]
7444;[0, 0, 0, 0]
2599;[0, 0, 0, 0]
1376;[0, 0, 0, 0]
6350;[0, 0, 0, 0]
4232;[0, 0, 0, 0]
2890;[0, 0, 0, 0]
485;[0, 0, 0, 0]
2409;[0, 0, 0, 0]
4015;[0, 0, 0, 0]
2232;[0, 0, 0, 0]
6287;[0, 0, 0, 0]
5945;[0, 0, 0, 0]
3698;[0, 0, 0, 0]
6323;[0, 0, 0, 0]
6383;[0, 0, 0, 0]
41997;[0, 0, 0, 0]
7022;[0, 0, 0, 0]
6708;[0, 0, 0, 0]
3740;[0, 0, 0, 0]
3273;[0, 0, 0, 0]
3105;[0, 0, 0, 0]
1688;[0, 0, 0, 0]
3034;[0, 0, 0, 0]
1590;[0, 0, 0, 0]
2431;[0, 0, 0, 0]
1587;[0, 0, 0, 0]
2948;[0, 0, 0, 0]
5225;[0, 0, 0, 0]
7360;[0, 0, 0, 0]
2427;[0, 0, 0, 0]
95;[0, 0, 0, 0]
180;[0, 0, 0, 0]
2087;[0, 0, 0, 0]
520;[0, 0, 0, 0]
163;[0, 0, 0, 0]
3210;[0, 0, 0, 0]
25;[0, 0, 0, 0]
3617;[0, 0, 0, 0]
1343;[0, 0, 0, 0]
2023;[0, 0, 0, 0]
2193;[0, 0, 0, 0]
783;[0, 0, 0, 0]
2278;[0, 0, 0, 0]
2915;[0, 0, 0, 0]
1293;[0, 0, 0, 0]
2470;[0, 0, 0, 0]
333;[0, 0, 0, 0]
802;[0, 0, 0, 0]
3082;[0, 0, 0, 0]
1597;[0, 0, 0, 0]
3386;[0, 0, 0, 0]
2539;[0, 0, 0, 0]
2581;[0, 0, 0, 0]
7090;[0, 0, 0, 0]
2100;[0, 0, 0, 0]
1947;[0, 0, 0, 0]
1911;[0, 0, 0, 0]
173;[0, 0, 0, 0]
1084;[0, 0, 0, 0]
1882;[0, 0, 0, 0]
1029;[0, 0, 0, 0]
2724;[0, 0, 0, 0]
434;[0, 0, 0, 0]
2949;[0, 0, 0, 0]
4069;[0, 0, 0, 0]
2140;[0, 0, 0, 0]
909;[0, 0, 0, 0]
1375;[0, 0, 0, 0]
2407;[0, 0, 0, 0]
3157;[0, 0, 0, 0]
1663;[0, 0, 0, 0]
1500;[0, 0, 0, 0]
435;[0, 0, 0, 0]
968;[0, 0, 0, 0]
4446;[0, 0, 0, 0]
4002;[0, 0, 0, 0]
3683;[0, 0, 0, 0]
1358;[0, 0, 0, 0]
3986;[0, 0, 0, 0]
2746;[0, 0, 0, 0]
1235;[0, 0, 0, 0]
1953;[0, 0, 0, 0]
3257;[0, 0, 0, 0]
1209;[0, 0, 0, 0]
1396;[0, 0, 0, 0]
3510;[0, 0, 0, 0]
2490;[0, 0, 0, 0]
2605;[0, 0, 0, 0]
2723;[0, 0, 0, 0]
1032;[0, 0, 0, 0]
2010;[0, 0, 0, 0]
1644;[0, 0, 0, 0]
3882;[0, 0, 0, 0]
6503;[0, 0, 0, 0]
44;[0, 0, 0, 0]
3435;[0, 0, 0, 0]
653;[0, 0, 0, 0]
3174;[0, 0, 0, 0]
3968;[0, 0, 0, 0]
2770;[0, 0, 0, 0]
509;[0, 0, 0, 0]
786;[0, 0, 0, 0]
1321;[0, 0, 0, 0]
62;[0, 0, 0, 0]
1835;[0, 0, 0, 0]
36;[0, 0, 0, 0]
216;[0, 0, 0, 0]
2021;[0, 0, 0, 0]
8873;[0, 0, 0, 0]
3006;[0, 0, 0, 0]
3363;[0, 0, 0, 0]
454;[0, 0, 0, 0]
3256;[0, 0, 0, 0]
837;[0, 0, 0, 0]
1717;[0, 0, 0, 0]
5291;[0, 0, 0, 0]
349;[0, 0, 0, 0]
2340;[0, 0, 0, 0]
46530;[0, 0, 0, 0]
6957;[0, 0, 0, 0]
2393;[0, 0, 0, 0]
2722;[0, 0, 0, 0]
317;[0, 0, 0, 0]
1569;[0, 0, 0, 0]
8958;[0, 0, 0, 0]
1020;[0, 0, 0, 0]
235;[0, 0, 0, 0]
31878;[0, 0, 0, 0]
2951;[0, 0, 0, 0]
2485;[0, 0, 0, 0]
1372;[0, 0, 0, 0]
31410;[0, 0, 0, 0]
2600;[0, 0, 0, 0]
4235;[0, 0, 0, 0]
1060;[0, 0, 0, 0]
1025;[0, 0, 0, 0]
2410;[0, 0, 0, 0]
916;[0, 0, 0, 0]
1962;[0, 0, 0, 0]
1747;[0, 0, 0, 0]
2248;[0, 0, 0, 0]
1267;[0, 0, 0, 0]
3504;[0, 0, 0, 0]
2795;[0, 0, 0, 0]
355;[0, 0, 0, 0]
2378;[0, 0, 0, 0]
1674;[0, 0, 0, 0]
1287;[0, 0, 0, 0]
1591;[0, 0, 0, 0]
2058;[0, 0, 0, 0]
2125;[0, 0, 0, 0]
1801;[0, 0, 0, 0]
1172;[0, 0, 0, 0]
5507;[0, 0, 0, 0]
2134;[0, 0, 0, 0]
1350;[0, 0, 0, 0]
2186;[0, 0, 0, 0]
3697;[0, 0, 0, 0]
969;[0, 0, 0, 0]
455;[0, 0, 0, 0]
2968;[0, 0, 0, 0]
2082;[0, 0, 0, 0]
4361;[0, 0, 0, 0]
2908;[0, 0, 0, 0]
2313;[0, 0, 0, 0]
928;[0, 0, 0, 0]
1237;[0, 0, 0, 0]
2986;[0, 0, 0, 0]
5617;[0, 0, 0, 0]
3107;[0, 0, 0, 0]
1960;[0, 0, 0, 0]
1093;[0, 0, 0, 0]
3462;[0, 0, 0, 0]
266;[0, 0, 0, 0]
8983;[0, 0, 0, 0]
3005;[0, 0, 0, 0]
4388;[0, 0, 0, 0]
17;[0, 0, 0, 0]
1175;[0, 0, 0, 0]
1702;[0, 0, 0, 0]
2826;[0, 0, 0, 0]
21;[0, 0, 0, 0]
161;[0, 0, 0, 0]
1586;[0, 0, 0, 0]
3555;[0, 0, 0, 0]
1373;[0, 0, 0, 0]
1912;[0, 0, 0, 0]
4448;[0, 0, 0, 0]
41285;[0, 0, 0, 0]
8981;[0, 0, 0, 0]
4865;[0, 0, 0, 0]
5064;[0, 0, 0, 0]
3798;[0, 0, 0, 0]
745;[0, 0, 0, 0]
6979;[0, 0, 0, 0]
2871;[0, 0, 0, 0]
5528;[0, 0, 0, 0]
3020;[0, 0, 0, 0]
1408;[0, 0, 0, 0]
1217;[0, 0, 0, 0]
196;[0, 0, 0, 0]
4007;[0, 0, 0, 0]
3809;[0, 0, 0, 0]
342;[0, 0, 0, 0]
3083;[0, 0, 0, 0]
2402;[0, 0, 0, 0]
1254;[0, 0, 0, 0]
1588;[0, 0, 0, 0]
2411;[0, 0, 0, 0]
2792;[0, 0, 0, 0]
3704;[0, 0, 0, 0]
1464;[0, 0, 0, 0]
1094;[0, 0, 0, 0]
3608;[0, 0, 0, 0]
1086;[0, 0, 0, 0]
292;[0, 0, 0, 0]
3681;[0, 0, 0, 0]
3745;[0, 0, 0, 0]
3476;[0, 0, 0, 0]
1242;[0, 0, 0, 0]
1260;[0, 0, 0, 0]
1687;[0, 0, 0, 0]
3186;[0, 0, 0, 0]
3450;[0, 0, 0, 0]
3168;[0, 0, 0, 0]
3534;[0, 0, 0, 0]
661;[0, 0, 0, 0]
1100;[0, 0, 0, 0]
2141;[0, 0, 0, 0]
628;[0, 0, 0, 0]
5954;[0, 0, 0, 0]
832;[0, 0, 0, 0]
4161;[0, 0, 0, 0]
370;[0, 0, 0, 0]
1285;[0, 0, 0, 0]
3869;[0, 0, 0, 0]
1955;[0, 0, 0, 0]
1033;[0, 0, 0, 0]
2728;[0, 0, 0, 0]
11;[0, 0, 0, 0]
1371;[0, 0, 0, 0]
3254;[0, 0, 0, 0]
3825;[0, 0, 0, 0]
4023;[0, 0, 0, 0]
3827;[0, 0, 0, 0]
307;[0, 0, 0, 0]
1095;[0, 0, 0, 0]
431;[0, 0, 0, 0]
3072;[0, 0, 0, 0]
2616;[0, 0, 0, 0]
1831;[0, 0, 0, 0]
1223;[0, 0, 0, 0]
2289;[0, 0, 0, 0]
2421;[0, 0, 0, 0]
2109;[0, 0, 0, 0]
1499;[0, 0, 0, 0]
1479;[0, 0, 0, 0]
306;[0, 0, 0, 0]
2501;[0, 0, 0, 0]
2881;[0, 0, 0, 0]
1245;[0, 0, 0, 0]
1680;[0, 0, 0, 0]
1298;[0, 0, 0, 0]
1120;[0, 0, 0, 0]
1805;[0, 0, 0, 0]
2423;[0, 0, 0, 0]
4321;[0, 0, 0, 0]
1779;[0, 0, 0, 0]
2300;[0, 0, 0, 0]
3354;[0, 0, 0, 0]
1367;[0, 0, 0, 0]
1103;[0, 0, 0, 0]
3361;[0, 0, 0, 0]
1357;[0, 0, 0, 0]
4901;[0, 0, 0, 0]
1104;[0, 0, 0, 0]
3424;[0, 0, 0, 0]
4019;[0, 0, 0, 0]
1253;[0, 0, 0, 0]
926;[0, 0, 0, 0]
1438;[0, 0, 0, 0]
466;[0, 0, 0, 0]
475;[0, 0, 0, 0]
1091;[0, 0, 0, 0]
1077;[0, 0, 0, 0]
1249;[0, 0, 0, 0]
2145;[0, 0, 0, 0]
915;[0, 0, 0, 0]
1405;[0, 0, 0, 0]
1792;[0, 0, 0, 0]
5015;[0, 0, 0, 0]
3101;[0, 0, 0, 0]
1283;[0, 0, 0, 0]
1952;[0, 0, 0, 0]
2642;[0, 0, 0, 0]
3148;[0, 0, 0, 0]
1513;[0, 0, 0, 0]
2664;[0, 0, 0, 0]
805;[0, 0, 0, 0]
45;[0, 0, 0, 0]
2803;[0, 0, 0, 0]
2991;[0, 0, 0, 0]
3438;[0, 0, 0, 0]
300;[0, 0, 0, 0]
198;[0, 0, 0, 0]
2944;[0, 0, 0, 0]
2478;[0, 0, 0, 0]
898;[0, 0, 0, 0]
543;[0, 0, 0, 0]
1227;[0, 0, 0, 0]
3328;[0, 0, 0, 0]
172;[0, 0, 0, 0]
440;[0, 0, 0, 0]
29;[0, 0, 0, 0]
2993;[0, 0, 0, 0]
494;[0, 0, 0, 0]
1635;[0, 0, 0, 0]
2872;[0, 0, 0, 0]
720;[0, 0, 0, 0]
2231;[0, 0, 0, 0]
2366;[0, 0, 0, 0]
2338;[0, 0, 0, 0]
708;[0, 0, 0, 0]
1378;[0, 0, 0, 0]
1284;[0, 0, 0, 0]
105;[0, 0, 0, 0]
553;[0, 0, 0, 0]
2413;[0, 0, 0, 0]
1965;[0, 0, 0, 0]
2739;[0, 0, 0, 0]
345;[0, 0, 0, 0]
1185;[0, 0, 0, 0]
2428;[0, 0, 0, 0]
2788;[0, 0, 0, 0]
933;[0, 0, 0, 0]
3108;[0, 0, 0, 0]
256;[0, 0, 0, 0]
6787;[0, 0, 0, 0]
1620;[0, 0, 0, 0]
379;[0, 0, 0, 0]
724;[0, 0, 0, 0]
3893;[0, 0, 0, 0]
1476;[0, 0, 0, 0]
1945;[0, 0, 0, 0]
610;[0, 0, 0, 0]
2139;[0, 0, 0, 0]
3087;[0, 0, 0, 0]
3984;[0, 0, 0, 0]
471;[0, 0, 0, 0]
2004;[0, 0, 0, 0]
1256;[0, 0, 0, 0]
1248;[0, 0, 0, 0]
170;[0, 0, 0, 0]
785;[0, 0, 0, 0]
1271;[0, 0, 0, 0]
160;[0, 0, 0, 0]
2405;[0, 0, 0, 0]
3113;[0, 0, 0, 0]
546;[0, 0, 0, 0]
2094;[0, 0, 0, 0]
3298;[0, 0, 0, 0]
3198;[0, 0, 0, 0]
2318;[0, 0, 0, 0]
1272;[0, 0, 0, 0]
2580;[0, 0, 0, 0]
1186;[0, 0, 0, 0]
2053;[0, 0, 0, 0]
1388;[0, 0, 0, 0]
1013;[0, 0, 0, 0]
6565;[0, 0, 0, 0]
3178;[0, 0, 0, 0]
2528;[0, 0, 0, 0]
3246;[0, 0, 0, 0]
524;[0, 0, 0, 0]
3396;[0, 0, 0, 0]
1042;[0, 0, 0, 0]
1269;[0, 0, 0, 0]
3264;[0, 0, 0, 0]
930;[0, 0, 0, 0]
3;[0, 0, 0, 0]
3638;[0, 0, 0, 0]
3098;[0, 0, 0, 0]
1892;[0, 0, 0, 0]
2719;[0, 0, 0, 0]
2857;[0, 0, 0, 0]
24;[0, 0, 0, 0]
7;[0, 0, 0, 0]
4084;[0, 0, 0, 0]
3360;[0, 0, 0, 0]
2398;[0, 0, 0, 0]
5;[0, 0, 0, 0]
1299;[0, 0, 0, 0]
2126;[0, 0, 0, 0]
1037;[0, 0, 0, 0]
2359;[0, 0, 0, 0]
954;[0, 0, 0, 0]
1556;[0, 0, 0, 0]
852;[0, 0, 0, 0]
2116;[0, 0, 0, 0]
5013;[0, 0, 0, 0]
1292;[0, 0, 0, 0]
2471;[0, 0, 0, 0]
2467;[0, 0, 0, 0]
193;[0, 0, 0, 0]
2336;[0, 0, 0, 0]
1019;[0, 0, 0, 0]
1409;[0, 0, 0, 0]
1411;[0, 0, 0, 0]
282;[0, 0, 0, 0]
3267;[0, 0, 0, 0]
2384;[0, 0, 0, 0]
1188;[0, 0, 0, 0]
562;[0, 0, 0, 0]
3635;[0, 0, 0, 0]
529;[0, 0, 0, 0]
162;[0, 0, 0, 0]
2020;[0, 0, 0, 0]
2297;[0, 0, 0, 0]
3100;[0, 0, 0, 0]
2686;[0, 0, 0, 0]
2137;[0, 0, 0, 0]
1441;[0, 0, 0, 0]
2067;[0, 0, 0, 0]
955;[0, 0, 0, 0]
866;[0, 0, 0, 0]
22;[0, 0, 0, 0]
2688;[0, 0, 0, 0]
1449;[0, 0, 0, 0]
1061;[0, 0, 0, 0]
3317;[0, 0, 0, 0]
800;[0, 0, 0, 0]
765;[0, 0, 0, 0]
327;[0, 0, 0, 0]
1047;[0, 0, 0, 0]
849;[0, 0, 0, 0]
2391;[0, 0, 0, 0]
60;[0, 0, 0, 0]
1385;[0, 0, 0, 0]
2046;[0, 0, 0, 0]
2150;[0, 0, 0, 0]
2301;[0, 0, 0, 0]
308;[0, 0, 0, 0]
2371;[0, 0, 0, 0]
3452;[0, 0, 0, 0]
247;[0, 0, 0, 0]
1589;[0, 0, 0, 0]
1416;[0, 0, 0, 0]
1231;[0, 0, 0, 0]
3104;[0, 0, 0, 0]
31;[0, 0, 0, 0]
1179;[0, 0, 0, 0]
2245;[0, 0, 0, 0]
428;[0, 0, 0, 0]
1619;[0, 0, 0, 0]
515;[0, 0, 0, 0]
531;[0, 0, 0, 0]
246;[0, 0, 0, 0]
65;[0, 0, 0, 0]
277;[0, 0, 0, 0]
1031;[0, 0, 0, 0]
350;[0, 0, 0, 0]
585;[0, 0, 0, 0]
107;[0, 0, 0, 0]
88;[0, 0, 0, 0]
2369;[0, 0, 0, 0]
2841;[0, 0, 0, 0]
420;[0, 0, 0, 0]
112;[0, 0, 0, 0]
52;[0, 0, 0, 0]
58;[0, 0, 0, 0]
69;[0, 0, 0, 0]
3060;[0, 0, 0, 0]
671;[0, 0, 0, 0]
1693;[0, 0, 0, 0]
303;[0, 0, 0, 0]
18;[0, 0, 0, 0]
265;[0, 0, 0, 0]
374;[0, 0, 0, 0]
1296;[0, 0, 0, 0]
519;[0, 0, 0, 0]
3526;[0, 0, 0, 0]
994;[0, 0, 0, 0]
719;[0, 0, 0, 0]
1883;[0, 0, 0, 0]
147;[0, 0, 0, 0]
1958;[0, 0, 0, 0]
372;[0, 0, 0, 0]
1041;[0, 0, 0, 0]
273;[0, 0, 0, 0]
175;[0, 0, 0, 0]
647;[0, 0, 0, 0]
1614;[0, 0, 0, 0]
348;[0, 0, 0, 0]
249;[0, 0, 0, 0]
419;[0, 0, 0, 0]
204;[0, 0, 0, 0]
737;[0, 0, 0, 0]
532;[0, 0, 0, 0]
376;[0, 0, 0, 0]
535;[0, 0, 0, 0]
135;[0, 0, 0, 0]
491;[0, 0, 0, 0]
432;[0, 0, 0, 0]
14;[0, 0, 0, 0]
222;[0, 0, 0, 0]
203;[0, 0, 0, 0]
748;[0, 0, 0, 0]
319;[0, 0, 0, 0]
194;[0, 0, 0, 0]
743;[0, 0, 0, 0]
315;[0, 0, 0, 0]
836;[0, 0, 0, 0]
762;[0, 0, 0, 0]
540;[0, 0, 0, 0]
237;[0, 0, 0, 0]
252;[0, 0, 0, 0]
361;[0, 0, 0, 0]
236;[0, 0, 0, 0]
413;[0, 0, 0, 0]
232;[0, 0, 0, 0]
225;[0, 0, 0, 0]
262;[0, 0, 0, 0]
207;[0, 0, 0, 0]
276;[0, 0, 0, 0]
880;[0, 0, 0, 0]
186;[0, 0, 0, 0]
79;[0, 0, 0, 0]
1125;[0, 0, 0, 0]
2707;[0, 0, 0, 0]
1124;[0, 0, 0, 0]
2243;[0, 0, 0, 0]
2352;[0, 0, 0, 0]
1894;[0, 0, 0, 0]
41;[0, 0, 0, 0]
3744;[0, 0, 0, 0]
534;[0, 0, 0, 0]
799;[0, 0, 0, 0]
261;[0, 0, 0, 0]
3263;[0, 0, 0, 0]
637;[0, 0, 0, 0]
151;[0, 0, 0, 0]
481;[0, 0, 0, 0]
362;[0, 0, 0, 0]
1959;[0, 0, 0, 0]
280;[0, 0, 0, 0]
468;[0, 0, 0, 0]
838;[0, 0, 0, 0]
538;[0, 0, 0, 0]
2064;[0, 0, 0, 0]
830;[0, 0, 0, 0]
1957;[0, 0, 0, 0]
383;[0, 0, 0, 0]
2805;[0, 0, 0, 0]
1711;[0, 0, 0, 0]
1049;[0, 0, 0, 0]
230;[0, 0, 0, 0]
140;[0, 0, 0, 0]
381;[0, 0, 0, 0]
497;[0, 0, 0, 0]
552;[0, 0, 0, 0]
1257;[0, 0, 0, 0]
2108;[0, 0, 0, 0]
2013;[0, 0, 0, 0]
224;[0, 0, 0, 0]
2133;[0, 0, 0, 0]
168;[0, 0, 0, 0]
2840;[0, 0, 0, 0]
272;[0, 0, 0, 0]
382;[0, 0, 0, 0]
2662;[0, 0, 0, 0]
